{
  "Total" : {
    "transaction" : "Total",
    "sampleCount" : 8964,
    "errorCount" : 2998,
    "errorPct" : 33.44489,
    "meanResTime" : 185.9262605979468,
    "medianResTime" : 184.0,
    "minResTime" : 182.0,
    "maxResTime" : 854.0,
    "pct1ResTime" : 189.0,
    "pct2ResTime" : 189.0,
    "pct3ResTime" : 198.35000000000036,
    "throughput" : 149.1414880873153,
    "receivedKBytesPerSec" : 74.6228997342107,
    "sentKBytesPerSec" : 25.293007744908824
  },
  "GET / (Homepage)" : {
    "transaction" : "GET / (Homepage)",
    "sampleCount" : 2997,
    "errorCount" : 0,
    "errorPct" : 0.0,
    "meanResTime" : 185.38605271938602,
    "medianResTime" : 183.0,
    "minResTime" : 182.0,
    "maxResTime" : 458.0,
    "pct1ResTime" : 188.0,
    "pct2ResTime" : 188.0,
    "pct3ResTime" : 192.0,
    "throughput" : 49.8793376050595,
    "receivedKBytesPerSec" : 54.409394633644006,
    "sentKBytesPerSec" : 8.085908244570192
  },
  "GET /api/recipes" : {
    "transaction" : "GET /api/recipes",
    "sampleCount" : 1497,
    "errorCount" : 1497,
    "errorPct" : 100.0,
    "meanResTime" : 184.6960587842351,
    "medianResTime" : 183.0,
    "minResTime" : 182.0,
    "maxResTime" : 261.0,
    "pct1ResTime" : 188.0,
    "pct2ResTime" : 188.0,
    "pct3ResTime" : 195.03999999999996,
    "throughput" : 25.098920260210583,
    "receivedKBytesPerSec" : 3.7256209761250085,
    "sentKBytesPerSec" : 4.338387584040306
  },
  "GET /api/ingredients" : {
    "transaction" : "GET /api/ingredients",
    "sampleCount" : 1501,
    "errorCount" : 1501,
    "errorPct" : 100.0,
    "meanResTime" : 185.977348434377,
    "medianResTime" : 183.0,
    "minResTime" : 182.0,
    "maxResTime" : 458.0,
    "pct1ResTime" : 188.0,
    "pct2ResTime" : 188.0,
    "pct3ResTime" : 223.98000000000002,
    "throughput" : 24.995420559191352,
    "receivedKBytesPerSec" : 3.7102577392549665,
    "sentKBytesPerSec" : 4.418135860560191
  },
  "GET /api/health" : {
    "transaction" : "GET /api/health",
    "sampleCount" : 2969,
    "errorCount" : 0,
    "errorPct" : 0.0,
    "meanResTime" : 187.06601549343236,
    "medianResTime" : 184.0,
    "minResTime" : 183.0,
    "maxResTime" : 854.0,
    "pct1ResTime" : 189.0,
    "pct2ResTime" : 190.0,
    "pct3ResTime" : 213.90000000000055,
    "throughput" : 49.41991111407028,
    "receivedKBytesPerSec" : 12.832376184937663,
    "sentKBytesPerSec" : 8.49404722273083
  }
}